PRIORITY,Business Name,Phone,Sales Intel / Notes,Web Status,Claimed?,Tech Stack,Email,Socials,Address,Website
GOLD,,,No specific digital presence. ,NO WEBSITE,true,,,,,
GOLD,All 24 HR Plumbing Brooklyn,+1 347-919-2325 ,No specific digital presence. ,NO WEBSITE,true,,,,"207 Ocean Pkwy, Brooklyn, NY 11218, United States ",
GOLD,Plumbing Brooklyn & Drainage Clean Star,+1 332-388-8062 ,No specific digital presence. ,NO WEBSITE,true,,,,"822 Clarkson Ave 3rd floor, Brooklyn, NY 11203, United States ",
GOLD,"Reliable Brooklyn Plumbing, Heating & Cooling",+1 516-514-1013 ,No specific digital presence. ,NO WEBSITE,true,,,,"2357 60th St #216, Brooklyn, NY 11204, United States ",
GOLD,Brooklyn Prestige Plumbing 24/7,+1 332-239-4010 ,No specific digital presence. ,NO WEBSITE,true,,,,"2 Berkeley Pl, Brooklyn, NY 11217, United States ",
GOLD,Express Brooklyn Plumbing & Drain Clean,+1 332-286-1445 ,No specific digital presence. ,NO WEBSITE,true,,,,"396 Johnson Ave #210, Brooklyn, NY 11206, United States ",
GOLD,Ste Brooklyn Drain Clean & Plumbing,+1 332-266-3788 ,No specific digital presence. ,NO WEBSITE,true,,,,,
GOLD,SMB Plumbing and Heating Corp,+1 917-292-8448 ,No specific digital presence. ,NO WEBSITE,true,,,,"1034 Rogers Ave, Brooklyn, NY 11226, United States ",
GOLD,Queens Plumbing & Drain Cleaning,+1 929-594-3446 ,No specific digital presence. ,NO WEBSITE,true,,,,"91-31 Queens Blvd, Elmhurst, NY 11373, United States ",
GOLD,Plumbing emergency service 24 7,+1 917-603-7751 ,No specific digital presence. ,NO WEBSITE,true,,,,"25-81 34th St, Astoria, NY 11103, United States ",
GOLD,Ajax Plumbing & Heating Corp,+1 718-224-5517 ,No specific digital presence. ,NO WEBSITE,true,,,,"48-52 Clearview Expy, Bayside, NY 11364, United States ",
GOLD,Woodhaven Plumbing & Heating Corporation.,+1 718-804-5186 ,No specific digital presence. ,NO WEBSITE,true,,,,"103-19 101st Ave, Ozone Park, NY 11416, United States ",
GOLD,Proline Home Renovations Inc. 24/7 Emergency Plumber and Drain Cleaning,+1 718-791-7443 ,No specific digital presence. ,NO WEBSITE,true,,,,"31-60 36th St, Astoria, NY 11106, United States ",
GOLD,AJC Plumbing & Heating Corporation,+1 718-779-8144 ,No specific digital presence. ,NO WEBSITE,true,,,,"34-48 75th St, Flushing, NY 11372, United States ",
GOLD,Raytone Plumbing Specialties Incorporated,+1 718-326-0494 ,No specific digital presence. ,NO WEBSITE,true,,,,"59-26 57th St, Flushing, NY 11378, United States ",
GOLD,Liberty Plumbing And Industrial Supply,,No specific digital presence. ,NO WEBSITE,true,,,,"139-93 Liberty Ave, Jamaica, NY 11435, United States ",
GOLD,Huitt Plumbing & Heating,+1 929-552-5691 ,No specific digital presence. ,NO WEBSITE,true,,,,"64-98 Myrtle Ave, Glendale, NY 11385, United States ",
GOLD,John Bretone Plumbing & Heating Inc,+1 718-726-4656 ,No specific digital presence. ,NO WEBSITE,true,,,,"42-01 31st Ave, Astoria, NY 11103, United States ",
GOLD,Michaels Plumbing Professionals,+1 917-756-9796 ,No specific digital presence. ,NO WEBSITE,true,,,,"179-02 69th Ave, Fresh Meadows, NY 11365, United States ",
GOLD,Owl Plumbing & Heating,+1 718-805-3456 ,No specific digital presence. ,NO WEBSITE,true,,,,"112-13 101st Ave, South Richmond Hill, NY 11419, United States ",
GOLD,Owl Plumbing & Heating,+1 718-805-3456 ,No specific digital presence. ,NO WEBSITE,true,,,,"112-13 101st Ave, South Richmond Hill, NY 11419, United States ",
GOLD,Dundee Plumbing & Heating,+1 718-969-7406 ,No specific digital presence. ,NO WEBSITE,true,,,,"80-18 Surrey Pl, Jamaica, NY 11432, United States ",
GOLD,Pal Mar Plumbing & Heating Inc,+1 718-366-9480 ,No specific digital presence. ,NO WEBSITE,true,,,,"69-34 Cooper Ave, Flushing, NY 11385, United States ",
GOLD,JCA Mechanical,+1 917-658-0731 ,No specific digital presence. ,NO WEBSITE,true,,,,,
GOLD,Comfort Plumbing & Heating,+1 929-326-4200 ,No specific digital presence. ,NO WEBSITE,true,,,,"61-48 Madison St apt C1, Flushing, NY 11385, United States ",
GOLD,KOHLER Store Brooklyn by Best Plumbing Supply,(929) 884-6554 ,No specific digital presence. ,NO WEBSITE,true,,,,"241 37th Street Suite #B116, Brooklyn, NY 11232 ",
GOLD,Main Plumbing Staten Island,+1 347-929-4453 ,No specific digital presence. ,NO WEBSITE,true,,,,"4434 Amboy Rd #200, Staten Island, NY 10312, United States ",
GOLD,All Day Plumbing and Flood Service,+1 347-518-8862 ,No specific digital presence. ,NO WEBSITE,true,,,,"38 Victory Blvd, Staten Island, NY 10301, United States ",
GOLD,Staten Island Plumber,+1 718-682-7922 ,No specific digital presence. ,NO WEBSITE,true,,,,"100 Stuyvesant Pl, Staten Island, NY 10301, United States ",
GOLD,NYC 24/7 Plumbing Pros,+1 332-233-7070 ,No specific digital presence. ,NO WEBSITE,true,,,,"116-118 E 55th St, New York, NY 10022, United States ",
GOLD,LZ Manhattan Plumbing New York,+1 315-526-8735 ,No specific digital presence. ,NO WEBSITE,true,,,,"3060 NY-2200 Frederick Douglass Blvd, New York, NY 10026, United States ",
GOLD,NYC Quality Plumbing,+1 332-222-0135 ,No specific digital presence. ,NO WEBSITE,true,,,,"885 6th Ave, New York, NY 10001, United States ",
GOLD,"Empire NYC Plumbers, Drain & Sewer Cleaning",+1 646-349-6213 ,No specific digital presence. ,NO WEBSITE,true,,,,"537 W 150th St, New York, NY 10031, United States ",
GOLD,Nexus New York Plumber & Drain,+1 332-241-7066 ,No specific digital presence. ,NO WEBSITE,true,,,,"268 Bowery FLOOR 3, New York, NY 10012, United States ",
GOLD,NYC HVAC & Plumbing Services,,No specific digital presence. ,NO WEBSITE,true,,,,"430 Lafayette St, New York, NY 10003, United States ",
GOLD,Mike's Plumbing,+1 785-537-2958 ,No specific digital presence. ,NO WEBSITE,true,,,,"2808 Virginia Dr, Manhattan, KS 66502, United States ",
GOLD,"Express Sewer, Drain Cleaning & Repairs Inc .",+1 718-213-2865 ,No specific digital presence. ,NO WEBSITE,true,,,,"810 Mace Ave, Bronx, NY 10467, United States ",
GOLD,All Plumbing Solutions LLC,+1 917-374-7826 ,No specific digital presence. ,NO WEBSITE,true,,,,"1663 Williamsbridge Rd, Bronx, NY 10461, United States ",
GOLD,ASAP Plumber Bronx & Drain Cleaning,+1 914-515-2952 ,No specific digital presence. ,NO WEBSITE,true,,,,"870 Morris Park Ave, Bronx, NY 10462, United States ",
GOLD,NYC Plumber Bronx & Drain Cleaning,+1 914-515-2493 ,No specific digital presence. ,NO WEBSITE,true,,,,"807 Allerton Ave, Bronx, NY 10467, United States ",
GOLD,Bronx Plumbing & Drain,+1 315-201-8365 ,No specific digital presence. ,NO WEBSITE,true,,,,"585 W 235th St, Bronx, NY 10463, United States ",
GOLD,BMT plumbing & heating llc,+1 718-822-1057 ,No specific digital presence. ,NO WEBSITE,true,,,,"1408 Seabury Ave, Bronx, NY 10461, United States ",
GOLD,B & A Plumbing & Heating,+1 718-365-1625 ,No specific digital presence. ,NO WEBSITE,true,,,,"4452 Park Ave, Bronx, NY 10457, United States ",
GOLD,Aspect Plumbing & Heating CO. LLC,+1 718-734-2909 ,No specific digital presence. ,NO WEBSITE,true,,,,"752 E 137th St Suite 21, Bronx, NY 10454, United States ",
GOLD,F&S PLUMBING,+1 929-412-4018 ,No specific digital presence. ,NO WEBSITE,true,,,,"926 Neill Ave, Bronx, NY 10462, United States ",
GOLD,Edgecombe Plumbing & Heating,+1 718-828-0900 ,No specific digital presence. ,NO WEBSITE,true,,,,"2273 Westchester Ave, Bronx, NY 10462, United States ",
GOLD,Bronx Plumbing Co.,+1 914-429-4521 ,No specific digital presence. ,NO WEBSITE,true,,,,"1 E Tremont Ave #124, Bronx, NY 10453, United States ",
SILVER,"24 Hr. Emergency Plumbing, Hot Water Heater & Boiler Replacement",+1 518-335-4282 ,Link is dead. ,BROKEN SITE,true,,,,"805 Maple St, Brooklyn, NY 11203, United States ",http://www.plumbingandhomerepair.com/
SILVER,Top Performance Plumbing,+1 917-676-9255 ,Link is dead. ,BROKEN SITE,true,,,,"2212 Ditmas Ave Apt. 2D, Brooklyn, NY 11226, United States ",https://topperformanceplumbing.com/
SILVER,Philco Plumbing and Heating,+1 718-605-0450 ,Link is dead. ,BROKEN SITE,true,,,,"414 Bainbridge St., Brooklyn, NY 11233, United States ",http://www.philconyc.com/
SILVER,Downtown Plumbing & Heating,+1 718-858-7070 ,Link is dead. ,BROKEN SITE,true,,,,"577 Hicks St, Brooklyn, NY 11231, United States ",http://www.calldowntownplumbing.com/
SILVER,Expert Plumbing & Heating,+1 347-587-5065 ,Link is dead. ,BROKEN SITE,true,,,,"1661 McDonald Ave #108, Brooklyn, NY 11230, United States ",http://www.nycexpertplumbing.com/
SILVER,Switch and Fix,+1 718-841-9294 ,Link is dead. ,BROKEN SITE,true,,,,"994 Halsey St, Brooklyn, NY 11207, United States ",http://www.switchandfix.com/
SILVER,24 Hours Plumbing,+1 917-965-8298 ,Link is dead. ,BROKEN SITE,true,,,,"103-10 Queens Blvd, Queens, NY 11375, United States ",http://24hoursplumbing.com/
SILVER,AP Plumbing & HVAC,+1 917-468-1718 ,Link is dead. ,BROKEN SITE,true,,,,"21-01 21st St, Astoria, NY 11105, United States ",http://applumbingny.com/
SILVER,"Superior Plumbing, Heating, & Mechanical, LLC",+1 212-995-1396 ,Link is dead. ,BROKEN SITE,true,,,,,https://www.superiorphm.com/
SILVER,E Mule & Son Plumbing,+1 718-326-4646 ,Link is dead. ,BROKEN SITE,true,,,,"75-55 Metropolitan Ave, Flushing, NY 11379, United States ",http://www.emuleandsonplumbingandheating.com/
SILVER,Precise Plumbing & Heating,+1 718-909-9640 ,Link is dead. ,BROKEN SITE,true,,,,"354 Front St, Staten Island, NY 10304, United States ",https://www.preciseplumbingny.com/
SILVER,Capital Contracting Plumbing & Heating Corporation,+1 718-815-9093 ,Link is dead. ,BROKEN SITE,true,,,,"260 Pulaski Ave, Staten Island, NY 10303, United States ",http://www.capitalplumbingsi.com/
SILVER,Platinum Plumbing & Heating,,Link is dead. ,BROKEN SITE,true,,,,"66 Broad St, Staten Island, NY 10304, United States ",http://www.platinumplumbingny.com/
SILVER,Demerac Plumbing & Heating Inc,+1 858-898-5831 ,Link is dead. ,BROKEN SITE,true,,,,"422 Castleton Ave, Staten Island, NY 10301, United States ",https://demeracplumbingandheating.com/
SILVER,Rapid Rooter And Plumbing NY,+1 917-932-6253 ,Link is dead. ,BROKEN SITE,true,,,,"36 Greeley Ave, Staten Island, NY 10306, United States ",http://rapidrooterny.com/
SILVER,JPI Plumbing & Heating Inc,+1 718-727-9100 ,Link is dead. ,BROKEN SITE,true,,,,"4370A Victory Blvd, Staten Island, NY 10314, United States ",https://www.jpiplumbing.com/
SILVER,Genuine Plumbing & Heating,+1 718-605-6201 ,Link is dead. ,BROKEN SITE,true,,,,"50 Androvette St, Staten Island, NY 10309, United States ",http://www.genuineplumbing.net/
SILVER,All Purpose Sewer & Drains Corp,+1 347-723-6547 ,Link is dead. ,BROKEN SITE,true,,,,,http://allpurposecorp.com/
SILVER,A and E Mechanical Corp.,+1 347-838-6868 ,Link is dead. ,BROKEN SITE,true,,,,"26 Richmond Valley Rd, Staten Island, NY 10309, United States ",http://www.aeplumbers.com/
SILVER,24/7 Manhattan Plumbing NYC,+1 646-543-5763 ,Link is dead. ,BROKEN SITE,true,,,,"3441 Broadway, New York, NY 10031, United States ",https://247manhattanplumbingnyc.com/?GMB=webclick
SILVER,Pemati Plumbing Services LLC,+1 646-806-1231 ,Link is dead. ,BROKEN SITE,true,,,,"888 8th Ave #3T, New York, NY 10019, United States ",http://pematiservices.com/
SILVER,NYC Plumbing Services /Mentor Mechanical,+1 718-804-5781 ,Link is dead. ,BROKEN SITE,true,,,,"319 E 75th St, New York, NY 10021, United States ",https://www.mentormechanicalcorp.com/
SILVER,Lee Plumbing and Heating,+1 785-539-4297 ,Link is dead. ,BROKEN SITE,true,,,,"5680 Marlatt Ave, Manhattan, KS 66503, United States ",http://leeheating.com/
SILVER,Latty's General Plumbing Contractors Corp,+1 718-379-9356 ,Link is dead. ,BROKEN SITE,true,,,,"1058 E Gun Hill Rd, Bronx, NY 10469, United States ",http://lattysplumbing.com/
SILVER,DMT PLUMBING & HEATING CORP.,+1 718-805-8550 ,Link is dead. ,BROKEN SITE,true,,,,"388 E 198th St, Bronx, NY 10458, United States ",http://www.dmtnyc.com/
BRONZE,Quix Plumbing Service,+1 718-354-7315 ,Using Wix (Sell Upgrade). ,Has Website,true,Wix,,"FB, IG, IN","1254 Utica Ave, Brooklyn, NY 11203, United States ",https://www.quixservice.com/
BRONZE,Michael Donahue Plumbing & Heating,+1 718-625-0847 ,Using GoDaddy (Sell Upgrade). ,Has Website,true,GoDaddy,,,"34 Otsego St, Brooklyn, NY 11231, United States ",https://mdonahueplumbing.com/
BRONZE,No.1 Sewer & Drain Cleaning Services,+1 917-443-1178 ,Using Wix (Sell Upgrade). ,Has Website,true,Wix,,"FB, IN","1420 Ocean Pkwy #2b, Brooklyn, NY 11230, United States ",https://www.nyc1sewer.com/
BRONZE,John Hlad Plumbing & Heating,+1 718-768-0689 ,Using Wix (Sell Upgrade). ,Has Website,true,Wix,,,"154 26th St, Brooklyn, NY 11232, United States ",https://hladplumbing.com/
BRONZE,Victor Sewer & Drain Services,+1 718-645-6711 ,Using Wix (Sell Upgrade). ,Has Website,true,Wix,,"FB, IG","4009 Quentin Rd, Brooklyn, NY 11234, United States ",https://www.victorsewer.com/
BRONZE,Astoria Plumbers,+1 646-919-1074 ,Using GoDaddy (Sell Upgrade). ,Has Website,true,GoDaddy,,,"30-96 32nd St, Long Island City, NY 11102, United States ",http://astoriaplumbers.nyc/
BRONZE,Testerman Plumbing & Heating Inc.,+1 347-729-3785 ,Using Wix (Sell Upgrade). ,Has Website,true,Wix,,,"88-60 Myrtle Ave, Glendale, NY 11385, United States ",https://www.dandsonsplumbingnyc.com/
BRONZE,Billharz Plumbing Inc,+1 718-784-2468 ,Using WordPress (Sell Upgrade). ,Has Website,true,"WordPress, GoDaddy",,FB,"45-25 47th St, Woodside, NY 11377, United States ",http://www.billharzplumbing.com/
BRONZE,Legacy Plumbing & Heating,+1 347-408-4340 ,Using Wix (Sell Upgrade). ,Has Website,true,Wix,,"FB, IG","38-08 Bell Blvd, Bayside, NY 11361, United States ",https://legacypnh.com/
BRONZE,VA Journeymen Plumbing Corp.,+1 347-735-0521 ,Using Wix (Sell Upgrade). ,Has Website,true,Wix,,"FB, IG",,https://www.vajourneymen.com/
BRONZE,Queens Plumbing and Heating,+1 718-683-5541 ,,NOT MOBILE,true,,,,"44-09 Broadway, Long Island City, NY 11103, United States ",http://queensplumbingandheatingco.info/
BRONZE,A&B Sewer Solutions,+1 347-583-6095 ,Using Wix (Sell Upgrade). ,Has Website,true,Wix,,IG,,http://www.absewersolutions.com/
BRONZE,Tidal Plumbing & Heating,+1 718-505-9300 ,Using WordPress (Sell Upgrade). ,Has Website,true,"WordPress, GoDaddy",,IN,"149-17 Cross Island Pkwy, Whitestone, NY 11357, United States ",https://tidalplumbingnyc.com/
BRONZE,John Farr Plumbing & Heating,+1 917-324-2535 ,Using WordPress (Sell Upgrade). ,Has Website,true,"WordPress, GoDaddy",,,"160-20 59th Ave, Flushing, NY 11365, United States ",http://www.nyc-violation-removal.com/
BRONZE,R. McGlynn Plumbing Corp.,+1 718-981-3684 ,Using WordPress (Sell Upgrade). ,Has Website,true,"WordPress, GoDaddy",,,"851 Forest Ave, Staten Island, NY 10310, United States ",https://www.rmcglynnplumbing.com/
BRONZE,All Under Plumbing & Heating Corp.,+1 646-808-6732 ,Using Wix (Sell Upgrade). ,Has Website,true,Wix,,,"944 S Railroad Ave, Staten Island, NY 10306, United States ",https://allunderplumbing.com/
BRONZE,Prestige Plumbing & Heating Inc.,+1 718-447-8358 ,Using WordPress (Sell Upgrade). ,Has Website,true,"WordPress, GoDaddy",,FB,"26 Johnson St, Staten Island, NY 10309, United States ",https://prestigeplumbersinc.com/
BRONZE,RJ Bruno,+1 646-670-1116 ,Using WordPress (Sell Upgrade). ,Has Website,true,"WordPress, GoDaddy",,,"26 Johnson St, Staten Island, NY 10309, United States ",http://rjbrunoinc.com/
BRONZE,Manhattan Plumbing & Heating,+1 406-284-4133 ,Using GoDaddy (Sell Upgrade). ,Has Website,true,GoDaddy,,"FB, IN","112 W Main St, Manhattan, MT 59741, United States ",http://www.manhattanplumbingandheating.com/
BRONZE,Mr. Plumber,+1 347-565-5130 ,Using GoDaddy (Sell Upgrade). ,Has Website,true,GoDaddy,,"FB, IG","3867 E Tremont Ave, Bronx, NY 10465, United States ",https://mrplumber.nyc/
BRONZE,Budget Plumbing & Heating,+1 718-829-6900 ,Using WordPress (Sell Upgrade). ,Has Website,true,"WordPress, GoDaddy",,,"1706 Bronxdale Ave, Bronx, NY 10462, United States ",http://www.budgetplumbingnyc.com/
BRONZE,Clear Water Plumbing,+1 347-486-4746 ,,NOT MOBILE,true,,,,"1576 Unionport Rd #5F, Bronx, NY 10462, United States ",https://clearwaterplumbingny.com/
BRONZE,Ultra Plumbing,+1 718-828-1952 ,Using Wix (Sell Upgrade). ,Has Website,true,Wix,,,"2024 Williamsbridge Rd, Bronx, NY 10461, United States ",http://www.ultraplumbing.net/
BRONZE,24/7 Bronx Plumbing NYC,+1 347-377-2564 ,Using WordPress (Sell Upgrade). ,Has Website,true,"WordPress, GoDaddy",,,"50 E 151st St, Bronx, NY 10451, United States ",http://247bronxplumbingnyc.com/
BRONZE,Fast Flow Pipe Repair and Drain Cleaning Corp,+1 917-442-3324 ,Using GoDaddy (Sell Upgrade). ,Has Website,true,GoDaddy,,,,https://fastflow-plumbing.com/
BRONZE,Rooter Express Sewer and Drain Cleaning Corp.,+1 646-753-1292 ,Using GoDaddy (Sell Upgrade). ,Has Website,true,GoDaddy,,,"2126 Bogart Ave, Bronx, NY 10462, United States ",https://nycrooterexpress.com/
BRONZE,NY Pipe Repair & Drain Cleaning,+1 347-261-5014 ,Using Wix (Sell Upgrade). ,Has Website,true,Wix,,,"1755 Bronxdale Ave, Bronx, NY 10462, United States ",https://www.nypiperepairanddraincleaning.com/
BRONZE,Perfect Flow Sewer & Drain Services,+1 718-931-4747 ,Using WordPress (Sell Upgrade). ,Has Website,true,"WordPress, GoDaddy",,"FB, IG, IN","2135 Williamsbridge Rd, Bronx, NY 10461, United States ",https://aperfectflow.com/
BRONZE,24/7 Plumber NYCity Sewer & Drain cleaning,+1 646-353-5381 ,Using GoDaddy (Sell Upgrade). ,Has Website,true,GoDaddy,,"FB, IG",,http://nycitysewer.com/
BRONZE,Pro Boyz Drain Cleaning and Plumbing Services Inc.,+1 914-297-2466 ,Using Wix (Sell Upgrade). ,Has Website,true,Wix,,"FB, IG","381b McLean Ave, Yonkers, NY 10705, United States ",https://proboyzplumbing.com/
Low,RR Plumbing Roto-Rooter,+1 718-485-0207 ,,Active,true,,,"FB, IG, IN","557 17th St Ste A, Brooklyn, NY 11215, United States ",https://www.rotorooter.com/brooklynny/?utm_source=Google&utm_medium=organic&utm_campaign=gmb&utm_content=website
Low,Above and Beyond Plumbing & Heating Corp.,+1 718-484-4911 ,,Active,true,WordPress,,"FB, IG","430 Jefferson St, Brooklyn, NY 11237, United States ",https://abovebeyondplumbing.com/
Low,"Consider It Done Plumbing, Water Heaters, and Drain Cleaning",+1 516-689-0423 ,,Active,true,WordPress,,"FB, IG, IN","9 White St, Brooklyn, NY 11206, United States ",https://www.cid247.com/?utm_campaign=gmb
Low,NONSTOP PLUMBERS CORP,+1 212-567-2000 ,,Active,true,WordPress,,"FB, IG","555 Macon St Suite 1, Brooklyn, NY 11233, United States ",https://www.nonstopplumbers.com/
Low,Main Man Water Main & Sewer Repair,+1 718-614-6655 ,,Active,true,WordPress,,"FB, IG, IN","10009 Glenwood Rd, Brooklyn, NY 11234, United States ",http://mainmanwatermain.com/
Low,A Good Plumber Corp.,+1 718-648-6838 ,,Active,true,WordPress,,"FB, IG, IN","2114 E 27th St, Brooklyn, NY 11229, United States ",https://agoodplumber.com/
Low,L&B Mechanical | Brooklyn NY | Water Heater Installation | Plumbing,+1 718-974-2720 ,,Active,true,WordPress,,FB,"168 Bay 25th St b3, Brooklyn, NY 11214, United States ",http://lbmechanicalny.com/
Low,Nationwide Plumbers,+1 917-905-4327 ,,Active,true,,,"FB, IN","6923 8th Ave, Brooklyn, NY 11228, United States ",https://nationwideplumbers.com/
Low,Aladdin Plumbing Corp.,+1 718-783-4621 ,,Active,true,WordPress,,FB,,https://www.aladdinplumbingcorp.com/
Low,24 Hour Emergency Plumber NYC - Brooklyn,+1 347-462-0214 ,,Active,true,WordPress,,,"915 43rd St, Brooklyn, NY 11219, United States ",https://www.24houremergencyplumbernyc.com/brooklyn/
Low,Park Slope Plumbing and Heating Services,+1 347-305-6444 ,,Active,true,WordPress,,,"540 President St 3rd flr, Brooklyn, NY 11215, United States ",https://parkslopeplumbingandheating.com/
Low,Joe The Plumber - Plumbing & Heating,+1 917-295-5243 ,,Active,true,WordPress,,"FB, IG","6124 16th Ave, Brooklyn, NY 11219, United States ",https://joetheplumberbrooklyn.com/
Low,KOHLER Store Brooklyn by Best Plumbing Supply,+1 929-884-6554 ,,Active,true,Squarespace,,"FB, IG, IN","241 37th St Suite #B116, Brooklyn, NY 11232, United States ",https://www.kohler.com/en/locations/new-york/brooklyn/kohler-store-by-best-plumbing-supply
Low,"Vigilante Plumbing, Heating & Air Conditioning",+1 718-530-0404 ,,Active,true,WordPress,,"FB, IG, IN","195 Douglass St, Brooklyn, NY 11217, United States ",https://www.bestbrooklynplumber.com/
Low,Harris Plumbing & Heating Corporation,+1 718-495-3400 ,,Active,true,WordPress,,,"184 Glenmore Ave, Brooklyn, NY 11212, United States ",https://www.harrisplumbingandheating.com/
Low,JP PLUMBING SEWER & WATERMAIN,+1 718-619-0807 ,,Active,true,WordPress,,,"217 20th St, Brooklyn, NY 11232, United States ",http://jpsewerwater.com/
Low,H&A Brooklyn Plumbing,+1 646-904-4129 ,,Active,true,WordPress,,,,https://www.bestplumberqueensny.com/brooklyn-ny
Low,24 HR Emergency Plumber Brooklyn INC,+1 516-407-8375 ,,Active,true,WordPress,,,"2950 W 24th St APT 3N, Brooklyn, NY 11224, United States ",https://24hremergencyplumberbrooklyn2.com/
Low,Sunset Park Plumbing and Heating Services,+1 646-854-1745 ,,Active,true,WordPress,,,"159 20th St #1b, Brooklyn, NY 11232, United States ",http://sunsetparkplumbingandheating.com/
Low,Nyc Plumbing Solutions,+1 800-990-1591 ,,Active,true,WordPress,,,"614 49th St, Brooklyn, NY 11220, United States ",https://nycityplumbingsolutions.com/
Low,Brooklyn Heating and Plumbing,+1 646-989-3795 ,,Active,true,WordPress,,,,https://brooklynplumbingheating.com/
Low,Franco Belli Plumbing & Heating & Sons,+1 718-965-4976 ,,Active,true,,,FB,"165 2nd Ave, Brooklyn, NY 11215, United States ",https://www.francobelli.com/
Low,Einstein's Plumbing and Heating Inc.,+1 718-246-4095 ,,Active,true,,,"FB, IG","127 42nd St, Brooklyn, NY 11232, United States ",https://www.einsteinsplumbing.com/
Low,KOHLER Store Brooklyn by Best Plumbing Supply,+1 929-884-6554 ,,Active,true,Squarespace,,"FB, IG, IN","241 37th St Suite #B116, Brooklyn, NY 11232, United States ",https://www.kohler.com/en/locations/new-york/brooklyn/kohler-store-by-best-plumbing-supply
Low,M&A Plumbing & Heating,+1 551-208-8366 ,,Active,true,,,,"257 Dwight St, Jersey City, NJ 07305, United States ",https://business.google.com/v/m-a-plumbing-heating/0322610284500796106/8434/_?
Low,"Parkset Plumbing & Heating Co., Inc",+1 718-493-8700 ,,Active,true,WordPress,,FB,"1568 Atlantic Ave, Brooklyn, NY 11213, United States ",http://www.parksetplumbing.com/
Low,JL Plumbing LLC,+1 646-773-9787 ,,Active,true,,,,"2240 Linden Blvd, Brooklyn, NY 11207, United States ",https://www.jlplumbingllcny.com/
Low,G-Plumbing,+1 646-698-9036 ,,Active,true,WordPress,,,,http://gplumbingny.com/
Low,Kevin & Richard Plumbing & Heating Supplies,+1 718-222-1581 ,,Active,true,WordPress,,FB,"93 Emerson Pl, Brooklyn, NY 11205, United States ",http://www.kevinrichardplumbing.com/
Low,Big Apple Installations; Plumbing & Heating,+1 718-934-4433 ,,Active,true,,,"FB, IG","1826 Flatbush Ave, Brooklyn, NY 11210, United States ",http://bigappleinstallations.com/
Low,Jennifer Plumbing and Heating,+1 718-769-5400 ,,Active,true,WordPress,,FB,"1963 East 16th Street, Brooklyn, NY 11229, United States ",https://www.plumber-brooklyn.com/
Low,Jennifer Plumbing and Heating,+1 718-769-5400 ,,Active,true,WordPress,,FB,"1963 East 16th Street, Brooklyn, NY 11229, United States ",https://www.plumber-brooklyn.com/
Low,H&A Queens Plumbing,+1 646-699-4874 ,,Active,true,WordPress,,,"89-47 215th Pl, Queens Village, NY 11427, United States ",http://www.bestplumberqueensny.com/
Low,Serve-Well Plumbing & Heating Inc,+1 718-847-1830 ,,Active,true,WordPress,,"FB, IG","11604 Atlantic Ave, Richmond Hill, NY 11419, United States ",https://www.servewellnyc.com/
Low,Balkan Sewer & Water Main Service - Joseph L. Balkan Inc.,+1 718-849-0900 ,,Active,true,WordPress,,"FB, IG","130-01 Jamaica Ave, Queens, NY 11418, United States ",https://www.balkanplumbing.com/
Low,Tomâ€™s Plumbing & Heating Services,+1 929-888-3311 ,,Active,true,,,,"146-40 Booth Memorial Ave, Queens, NY 11355, United States ",https://www.thumbtack.com/ny/flushing/drain-cleaning/toms-plumbing-heating-services/service/409096792315002884?category_pk=206936878363328818&from_static_sp=true&zip_code=11355
Low,Rusty Sewer and Drain,+1 929-472-0543 ,,Active,true,WordPress,,,,https://rustyseweranddrain.com/
Low,Scott & Sons Plumbing LLC,+1 332-330-3131 ,,Active,true,,,,"33-25 111th St, Flushing, NY 11368, United States ",https://plumbingflushingny.com/
Low,All Day Plumbing & Heating Corp.,+1 718-464-3838 ,,Active,true,WordPress,,"FB, IG","214-38 Hillside Ave., Queens Village, NY 11427, United States ",https://alldayph.com/
Low,Sideris Plumbing & Heating Corp.,+1 718-626-1836 ,,Active,true,,,,"18-24 42nd St, Long Island City, NY 11105, United States ",https://www.siderisplumbingandheating.com/
Low,TW Construct Sewer & Drain,+1 347-206-0567 ,,Active,true,,,FB,"153-36 118th Ave, Queens, NY 11434, United States ",https://www.twconstructseweranddrain.com/
Low,"Tech Sewer Cleaning - Plumber Queens Village NY (Camera Inspection, Hydro Jetting & More)",+1 347-703-7558 ,,Active,true,Squarespace,,"FB, IG","92-10 212th Pl, Queens Village, NY 11428, United States ",https://www.techsewerservice.com/
Low,718 Sewer and Drain,+1 718-729-4995 ,,Active,true,WordPress,,"FB, IG","61-46 70th St, Middle Village, NY 11379, United States ",https://www.plumberinqueens.com/
Low,Wellbrock RJ Plumbing & Heating,+1 718-268-5200 ,,Active,true,,,"FB, IG","107-19 Metropolitan Ave, Flushing, NY 11375, United States ",https://www.angi.com/companylist/us/ny/forest-hills/wellbrock-r-j-plumbing-and-heating-reviews-386314.htm
Low,Mark Henry Plumbing and Heating Corp,+1 718-306-7926 ,,Active,true,WordPress,,,"104-24 Jamaica Ave, Richmond Hill, NY 11418, United States ",https://locallaw152inspection.com/
Low,Maxwell Plumb Mechanical Corp.,+1 718-509-6398 ,,Active,true,,,"FB, IG, IN","71-20 80th St, Glendale, NY 11385, United States ",https://www.maxwellplumb.com/
Low,KOHLER Store Brooklyn by Best Plumbing Supply,+1 929-884-6554 ,,Active,true,Squarespace,,"FB, IG, IN","241 37th St Suite #B116, Brooklyn, NY 11232, United States ",https://www.kohler.com/en/locations/new-york/brooklyn/kohler-store-by-best-plumbing-supply
Low,M&A Plumbing & Heating,+1 551-208-8366 ,,Active,true,,,,"257 Dwight St, Jersey City, NJ 07305, United States ",https://business.google.com/v/m-a-plumbing-heating/0322610284500796106/8434/_?
Low,E Mule & Son Plumbing,+1 718-326-4646 ,,Active,true,,,"FB, IN","75-55 Metropolitan Ave, Flushing, NY 11379, United States ",http://www.emuleandsonplumbingandheating.com/
Low,Marotta & Sons Plumbing & Heating,+1 718-835-5225 ,,Active,true,WordPress,,"FB, IG","133-12 Cross Bay Blvd, Ozone Park, NY 11417, United States ",https://marottaplumbingandheating.com/
Low,Day Night HVAC & Plumbing Inc.,+1 718-518-2041 ,,Active,true,WordPress,,"FB, IG","88-07 69th Ave, Forest Hills, NY 11375, United States ",http://daynighthvacplumbing.com/
Low,Richmond Plumbing and Heating Co,+1 718-273-7970 ,,Active,true,,,FB,"318 Clove Rd, Staten Island, NY 10310, United States ",https://richmondplumbingny.com/
Low,"P.A.C. Plumbing, Heating, & A/C",+1 718-568-8482 ,,Active,true,WordPress,,"FB, IG","545 Port Richmond Ave, Staten Island, NY 10302, United States ",http://pac-plumbing.com/
Low,Staten Island Plumbing Heating & Air Conditioning,+1 718-966-8600 ,,Active,true,WordPress,,FB,"2550 Richmond Ave, Staten Island, NY 10314, United States ",https://siplumbing.com/?utm_source=google&utm_medium=organic&utm_campaign=Google%20My%20Business%20Page
Low,PowerFlo Sewer Service,+1 718-448-7500 ,,Active,true,WordPress,,FB,"2277 Victory Blvd, Staten Island, NY 10314, United States ",http://www.powerflosewerservice.com/
Low,RK Plumbing & HVAC Services LLC,+1 646-361-5867 ,,Active,true,WordPress,,FB,"1885 Hylan Blvd, Staten Island, NY 10305, United States ",https://rkplumbingstatenisland.com/
Low,Asap Plumbing & Heating Inc,+1 718-285-6667 ,,Active,true,,,"FB, IG",,https://www.asappandh.com/
Low,KCM Plumbing & Heating Corporation,+1 718-556-0600 ,,Active,true,WordPress,,,"198 Pulaski Ave, Staten Island, NY 10303, United States ",http://kcmplumbing.us/
Low,iR Plumbing,+1 718-737-8466 ,,Active,true,WordPress,,,"2420 Arthur Kill Rd, Staten Island, NY 10309, United States ",http://irplumbing.net/
Low,Everclear Sewer & Drain Cleaning Staten Island,+1 917-200-2123 ,,Active,true,WordPress,,,"455 Livermore Ave, Staten Island, NY 10314, United States ",https://everclearseweranddrain.com/
Low,H&A Staten Island Plumbing,+1 646-904-4087 ,,Active,true,WordPress,,,,https://www.bestplumberqueensny.com/staten-island-ny/
Low,"Tristar Plumbing & Heating, Corp",+1 347-305-6538 ,,Active,true,,,FB,"2860 Richmond Ter, Staten Island, NY 10303, United States ",https://www.tristarplumbing.net/
Low,Island Sewers,+1 718-727-3937 ,,Active,true,WordPress,,FB,"154 W Buchanan St, Staten Island, NY 10301, United States ",https://islandsewers.com/
Low,Plumbing Sewer & Drain Service,+1 718-619-0807 ,,Active,true,WordPress,,,"2845 Richmond Ave, Staten Island, NY 10314, United States ",https://plumbingsewerdrainservice.com/
Low,Affordable Plumbing and Leak Repair,+1 917-440-7275 ,,Active,true,,,,,https://drainuncloggingstatenisland.com/
Low,Patriot Plumbing & Heating Inc,+1 718-556-5880 ,,Active,true,,,,"900 South Ave suite 300, Staten Island, NY 10314, United States ",http://www.heatingcontractornyc.com/
Low,Essential Plumbing & Heating LLC,+1 718-984-5500 ,,Active,true,WordPress,,IG,"97 Storer Ave, Staten Island, NY 10309, United States ",https://www.essentialplumbingnyc.com/
Low,Flow Right Plumbing & Heating Corp,+1 718-524-1020 ,,Active,true,,,"FB, IG, IN",,https://www.flowrightcorp.com/
Low,A Plus Plumbing,+1 718-605-3900 ,,Active,true,WordPress,,"FB, IN","539 Wild Ave, Staten Island, NY 10314, United States ",https://aplusplumbingnyc.com/
Low,Richmond Construction and Plumbing Associates,+1 718-720-7700 ,,Active,true,,,,"1725 Richmond Ter, Staten Island, NY 10310, United States ",http://www.richmondconstructionplumbing.com/
Low,Island piping and heating services,+1 718-650-8730 ,,Active,true,,,,"173 Chandler Ave, Staten Island, NY 10314, United States ",http://www.islandpipingandheating.com/
Low,AAA Sewer & Drain,+1 718-200-8594 ,,Active,true,WordPress,,,,https://aaaseweranddrain.co/
Low,De Hart Plumbing Heating & Cooling,+1 785-268-2446 ,,Active,true,WordPress,,"FB, IG, IN","706 Pecan Cir, Manhattan, KS 66502, United States ",http://www.dehartplumbing.com/
Low,Smith Plumbing & Kansas Nu Drain,+1 785-278-0027 ,,Active,true,,,"FB, IG","509 Riley Ln, Manhattan, KS 66502, United States ",http://www.smithplumbingks.com/
Low,Plumbing NYC,+1 646-580-7524 ,,Active,true,WordPress,,"FB, IG, IN","510 W 45th St apt 11g, New York, NY 10036, United States ",https://plumbingnyc.com/
Low,A&E NYC Plumbing,+1 646-392-7164 ,,Active,true,WordPress,,,"40 Fulton St, New York, NY 10038, United States ",https://www.topplumbernyc.com/
Low,Hub Plumbing & Heating,+1 917-634-8888 ,,Active,true,WordPress,,FB,"103 Charles St, New York, NY 10014, United States ",https://www.hubplumbingnyc.com/
Low,WaterHouse Plumbing Company,+1 212-777-3003 ,,Active,true,,,FB,"171 Attorney St, New York, NY 10002, United States ",https://waterhouse.nyc/
Low,Rite Plumbing & Heating Inc,+1 347-502-6441 ,,Active,true,WordPress,,"FB, IG","750 Lexington Ave 9th floor, New York, NY 10022, United States ",http://www.riteplumbingnyc.com/
Low,RXP Plumbing & Heating,+1 646-916-3758 ,,Active,true,,,,"70 E 55th St, New York, NY 10022, United States ",https://www.rxpplumbingheating.com/
Low,Neo Plumbing & Heating Corp,+1 646-860-0149 ,,Active,true,WordPress,,"FB, IG","10 E 39th St #909, New York, NY 10016, United States ",https://neoplumbingnyc.com/
Low,Lopez Plumbing & Heating Mechanical LLC,+1 646-765-6232 ,,Active,true,WordPress,,,"530 W 144th St, New York, NY 10031, United States ",https://lopezplumbing.com/
Low,"Standard Plumbing, Heating & Air Conditioning",+1 785-776-5012 ,,Active,true,WordPress,,"FB, IG","609 Pecan Cir, Manhattan, KS 66502, United States ",http://www.standardpha.com/
Low,"M & S Plumbing, Heating and Air Conditioning, Inc.",+1 785-537-7303 ,,Active,true,,,"FB, IG","1101 Hostetler Dr, Manhattan, KS 66502, United States ",http://www.msplumbing.com/
Low,Roto-Rooter Plumbing & Water Cleanup,+1 785-246-1852 ,,Active,true,,,"FB, IG, IN","2029 Vanesta Pl Unit 8, Manhattan, KS 66503, United States ",https://www.rotorooter.com/manhattanks/?utm_source=Google&utm_medium=organic&utm_campaign=gmb&utm_content=website
Low,24 Hour Plumber NYC,+1 646-693-6598 ,,Active,true,WordPress,,"FB, IN","101 Lexington Ave, New York, NY 10016, United States ",http://24hourplumber.nyc/
Low,Bob's Plumbing & Heating LLC,+1 785-539-4155 ,,Active,true,,,"FB, IG, IN","1127 Hayes Dr, Manhattan, KS 66502, United States ",http://bobsplumbingandheatinginc.com/
Low,D & I Plumbing Heating & Air Inc,+1 785-587-8724 ,,Active,true,,,"FB, IN","1608 Fair Ln, Manhattan, KS 66502, United States ",http://www.dandiplumbingheatingandair.com/
Low,"Reid Plumbing, Heating & Air Conditioning",+1 785-537-2869 ,,Active,true,WordPress,,,"8964 Green Valley Dr, Manhattan, KS 66502, United States ",http://reidplumbing.com/?utm_source=GMB&utm_medium=organic
Low,DR Plumbing Heating & Air inc.,+1 785-320-7527 ,,Active,true,WordPress,,FB,"2757 Rory Rd, Manhattan, KS 66502, United States ",http://drplumbing.net/
Low,Midstate Mechanical Inc,+1 785-537-4343 ,,Active,true,WordPress,,FB,"230 Levee Dr, Manhattan, KS 66502, United States ",http://midstatemechanicalkansas.com/
Low,Greg Plumbing,+1 914-512-6702 ,,Active,true,WordPress,,"FB, IG","1720 Mahan Ave, Bronx, NY 10461, United States ",https://gregexpress.com/
Low,Express Plumbing Sewer & Water Main Contracting Corp.,+1 718-231-3663 ,,Active,true,WordPress,,"FB, IG","1178 E 180th St, Bronx, NY 10460, United States ",https://expressplbg.com/
Low,Adams Brothers Plumbing LLC,+1 646-718-2444 ,,Active,true,,,,"915 Castle Hill Ave, Bronx, NY 10473, United States ",https://adamsbrothersplumbing.com/
Low,Delta Pipe Repair & Drain Cleaning Corp,+1 347-651-5746 ,,Active,true,,,FB,,https://deltapiperepair.com/
Low,Fenix Pipe Repair & Drain Cleaning Corp.,+1 347-313-5589 ,,Active,true,,,,"2155 Paulding Ave Suite. 2D, Bronx, NY 10462, United States ",http://fenixpiperepair.com/
Low,JTG Master Plumbing,+1 718-585-5002 ,,Active,true,,,"FB, IN","752 E 137th St, Bronx, NY 10454, United States ",https://www.jtgmp.com/
Low,Electric Sewer & Drain Services- ES&DS,+1 718-863-7144 ,,Active,true,,,"FB, IG","2281 Westchester Ave, Bronx, NY 10462, United States ",http://electricseweranddrain.com/
Low,"C.JAMES PLUMBING & HEATING, INC",+1 718-716-0065 ,,Active,true,WordPress,,"FB, IG","1833 Bathgate Ave, Bronx, NY 10457, United States ",https://cjamesplumbing.nyc/
Low,John's Plumbing & Heating NY,+1 516-981-3201 ,,Active,true,WordPress,,,"3053 Villa Ave, Bronx, NY 10468, United States ",https://johnsplumbingny.com/?utm_campaign=gmb
Low,All City Water & Sewer Corp,+1 718-357-3831 ,,Active,true,,,"FB, IG, IN","1508 Stillwell Ave, Bronx, NY 10461, United States ",https://www.homeadvisor.com/rated.AllCityWaterandSewer.113672728.html
Low,Tieger Plumbing,+1 718-601-6299 ,,Active,true,,,FB,"461 W 261st St, Bronx, NY 10471, United States ",http://www.tiegerplumbing.com/
Low,Empire Sewer and Water Inc,+1 718-715-4763 ,,Active,true,WordPress,,"FB, IG","3321 De Lavall Ave, Bronx, NY 10475, United States ",http://www.empiresewerandwater.com/
Low,HS Drains LLC. Bronx NY 24/7 Emergency plumber- Sewer and Drain Cleaning,+1 914-227-8996 ,,Active,true,,,FB,,https://hsdrainsnys.com/hs-drains-bronx-ny-nyc
Low,TJB Plumbing LLC,+1 718-829-5464 ,,Active,true,,,IG,"677 Van Nest Ave, Bronx, NY 10462, United States ",https://tjbplumbingllc.pro/
Low,Pelham Plumbing & Heating Corp,+1 718-882-1071 ,,Active,true,,,FB,"2253 Light St, Bronx, NY 10466, United States ",https://www.pelhamplumbing.com/
Low,High Rise mechanical,+1 646-530-2685 ,,Active,true,,,"FB, IG","2398 Grand Concourse, Bronx, NY 10458, United States ",https://brand.site/highrisemechanicalllc
Low,Nianday Plumbing and Heating,+1 718-681-5246 ,,Active,true,WordPress,,FB,,http://www.niandayplumbingandsewer.com/
Low,All County Sewer & Drain Inc.,+1 718-550-5956 ,,Active,true,,,FB,"879 Whittier St, Bronx, NY 10474, United States ",https://www.allcountysewerdraininc.com/
Low,GSB Plumbing & Heating Corp,+1 718-239-4960 ,,Active,true,,,,"3275 Grace Ave, Bronx, NY 10469, United States ",http://www.gsbplumbingnyc.com/
Low,Proflow Plumbing and Heating Corp.,+1 914-513-7667 ,,Active,true,,,"FB, IG","77 Bronx River Rd, Yonkers, NY 10704, United States ",http://www.proflowny.com/
Low,Omnia Mechanical Group,+1 212-722-5506 ,,Active,true,WordPress,,,"571 Timpson Pl, Bronx, NY 10455, United States ",https://www.omniagroup.nyc/
Low,Barlow Plumbing Services,+1 347-906-8503 ,,Active,true,,,,"1700 Grand Concourse suite 608, Bronx, NY 10457, United States ",https://barlowplumbingbronx.com/
