PRIORITY,Business Name,Phone,Suggested Script / Notes,Tech Status,Rating,Reviews,Email,Website URL
GOLD,All 24 HR Plumbing Brooklyn,+1 347-919-2325 ,Perfect Target. Call: 'I noticed you don't have a site...',NO WEBSITE,4.9,64,,
GOLD,Plumbing Brooklyn & Drainage Clean Star,+1 332-388-8062 ,Perfect Target. Call: 'I noticed you don't have a site...',NO WEBSITE,4.9,72,,
GOLD,Brooklyn Prestige Plumbing 24/7,+1 332-239-4010 ,Perfect Target. Call: 'I noticed you don't have a site...',NO WEBSITE,4.7,27,,
GOLD,"Reliable Brooklyn Plumbing, Heating & Cooling",+1 516-514-1013 ,Perfect Target. Call: 'I noticed you don't have a site...',NO WEBSITE,5,33,,
GOLD,SMB Plumbing and Heating Corp,+1 917-292-8448 ,Perfect Target. Call: 'I noticed you don't have a site...',NO WEBSITE,4.8,67,,
GOLD,Express Brooklyn Plumbing & Drain Clean,+1 332-286-1445 ,Perfect Target. Call: 'I noticed you don't have a site...',NO WEBSITE,4.9,27,,
GOLD,Prestige Line Plumbers 24/7,+1 332-233-8228 ,Perfect Target. Call: 'I noticed you don't have a site...',NO WEBSITE,5,73,,
SILVER,"24 Hr. Emergency Plumbing, Hot Water Heater & Boiler Replacement",+1 518-335-4282 ,Site is down/broken. Call: 'I clicked your link/buttons and they don't work...',BROKEN SITE,4.9,572,,http://www.plumbingandhomerepair.com/
SILVER,"Petri Plumbing, Heating Cooling & Drain Cleaning",+1 929-209-4685 ,Site is down/broken. Call: 'I clicked your link/buttons and they don't work...',BROKEN SITE,4.7,1011,,https://www.petriplumbing.com/?utm_source=google&utm_medium=gbp&utm_campaign=butler
SILVER,Philco Plumbing and Heating,+1 718-605-0450 ,Site is down/broken. Call: 'I clicked your link/buttons and they don't work...',BROKEN SITE,4.8,385,,http://www.philconyc.com/
SILVER,Downtown Plumbing & Heating,+1 718-858-7070 ,Site is down/broken. Call: 'I clicked your link/buttons and they don't work...',BROKEN SITE,4,20,,http://www.calldowntownplumbing.com/
SILVER,Top Performance Plumbing,+1 917-676-9255 ,Site is down/broken. Call: 'I clicked your link/buttons and they don't work...',BROKEN SITE,4.7,28,,https://topperformanceplumbing.com/
SILVER,Switch and Fix,+1 718-841-9294 ,Site is down/broken. Call: 'I clicked your link/buttons and they don't work...',BROKEN SITE,4.6,143,,http://www.switchandfix.com/
SILVER,Martin Plumbing & Heating Inc,+1 718-965-0500 ,Site is down/broken. Call: 'I clicked your link/buttons and they don't work...',BROKEN SITE,4.9,10,,http://www.martin-plumbing.com/
BRONZE,Maccabi Plumbing & Heating,+1 908-376-9159 ,Content looks old.,OUTDATED?,4.9,210,maccabiplumbing@gmail.com,https://www.maccabiplumbing.com/
BRONZE,Michael Donahue Plumbing & Heating,+1 718-625-0847 ,Content looks old.,OUTDATED?,4.8,21,,https://mdonahueplumbing.com/
BRONZE,The Drain Doc sewer & Drain Experts,+1 718-912-8816 ,Content looks old.,OUTDATED?,4.8,56,,https://draindocplumbing.nyc/?utm_source=google&utm_medium=organic&utm_campaign=gmblisting
BRONZE,The Drain Doc sewer & Drain Experts,+1 718-912-8816 ,Content looks old.,OUTDATED?,4.9,210,,https://draindocplumbing.nyc/?utm_source=google&utm_medium=organic&utm_campaign=gmblisting
BRONZE,Maccabi Plumbing & Heating,+1 908-376-9159 ,Content looks old.,OUTDATED?,5,63,maccabiplumbing@gmail.com,https://www.maccabiplumbing.com/
BRONZE,Kevin & Richard Plumbing & Heating Supplies,+1 718-222-1581 ,Content looks old.,OUTDATED?,4.2,246,sales@kevinrichardplumbing.com,http://www.kevinrichardplumbing.com/
BRONZE,Brooklyn Plumbing & Heating Supply,+1 718-252-6800 ,Content looks old.,OUTDATED?,4.8,86,contact@brooklynplumbingsupply.com,http://www.brooklynplumbingsupply.com/
BRONZE,J Caiazzo Plumbing & Heating,+1 718-531-2000 ,Content looks old.,OUTDATED?,4.1,30,,https://jcaiazzoplumbingandheating.com/
Low,24 Hour Emergency Plumber NYC - Brooklyn,+1 347-462-0214 ,Site seems okay.,Active,4.9,50,,https://www.24houremergencyplumbernyc.com/brooklyn/
Low,Main Man Water Main & Sewer Repair,+1 718-614-6655 ,Site seems okay.,Active,5,238,service@mainmainwatermain.com,http://mainmanwatermain.com/
Low,NONSTOP PLUMBERS CORP,+1 212-567-2000 ,Site seems okay.,Active,4.9,218,,https://www.nonstopplumbers.com/
Low,A Good Plumber Corp.,+1 718-648-6838 ,Site seems okay.,Active,4.8,602,,https://agoodplumber.com/
Low,Above and Beyond Plumbing & Heating Corp.,+1 718-484-4911 ,Site seems okay.,Active,4.8,167,abovebeyondplumbing@gmail.com,https://abovebeyondplumbing.com/
Low,L&B Mechanical | Brooklyn NY | Water Heater Installation | Plumbing,+1 718-974-2720 ,Site seems okay.,Active,4.9,147,lbmechanicalny@gmail.com,http://lbmechanicalny.com/
Low,Harris Plumbing & Heating Corporation,+1 718-495-3400 ,Site seems okay.,Active,4.8,163,,https://www.harrisplumbingandheating.com/
Low,"Consider It Done Plumbing, Water Heaters, and Drain Cleaning",+1 516-689-0423 ,Site seems okay.,Active,5,332,info@cid247.com,https://www.cid247.com/?utm_campaign=gmb
Low,Nyc Plumbing Solutions,+1 800-990-1591 ,Site seems okay.,Active,4.9,46,,https://nycityplumbingsolutions.com/
Low,Nationwide Plumbers,+1 917-905-4327 ,Site seems okay.,Active,4.8,280,,https://nationwideplumbers.com/
Low,RR Plumbing Roto-Rooter,+1 718-485-0207 ,Site seems okay.,Active,4.8,2090,,https://www.rotorooter.com/brooklynny/?utm_source=Google&utm_medium=organic&utm_campaign=gmb&utm_content=website
Low,Quix Plumbing Service,+1 718-354-7315 ,Site seems okay.,Active,4.9,725,intl-segmenter@11.7.10,https://www.quixservice.com/
Low,Park Slope Plumbing and Heating Services,+1 347-305-6444 ,Site seems okay.,Active,4.7,47,info@parkslopeplumbingandheating.com,https://parkslopeplumbingandheating.com/
Low,Franco Belli Plumbing & Heating & Sons,+1 718-965-4976 ,Site seems okay.,Active,4.3,73,info@francobelli.com,https://www.francobelli.com/
Low,"Vigilante Plumbing, Heating & Air Conditioning",+1 718-530-0404 ,Site seems okay.,Active,4.8,2009,fancybox_loading@2x.gif,https://www.bestbrooklynplumber.com/
Low,24 HR Emergency Plumber Brooklyn INC,+1 516-407-8375 ,Site seems okay.,Active,4.8,48,clomoteyseo@gmail.com,https://24hremergencyplumberbrooklyn2.com/
Low,Joe The Plumber - Plumbing & Heating,+1 917-295-5243 ,Site seems okay.,Active,5,103,tikfiz111@gmail.com,https://joetheplumberbrooklyn.com/
Low,H&A Brooklyn Plumbing,+1 646-904-4129 ,Site seems okay.,Active,5,21,,https://www.bestplumberqueensny.com/brooklyn-ny
Low,RR Plumbing Roto-Rooter,+1 718-885-4934 ,Site seems okay.,Active,4.8,1263,,https://www.rotorooter.com/eastflatbushny/?utm_source=Google&utm_medium=organic&utm_campaign=gmb&utm_content=website
Low,Sunset Park Plumbing and Heating Services,+1 646-854-1745 ,Site seems okay.,Active,4.9,31,sunsetparkplumbingheating@gmail.com,http://sunsetparkplumbingandheating.com/
Low,JP PLUMBING SEWER & WATERMAIN,+1 718-619-0807 ,Site seems okay.,Active,4.7,102,jpsewerwater@yahoo.com,http://jpsewerwater.com/
Low,Einstein's Plumbing and Heating Inc.,+1 718-246-4095 ,Site seems okay.,Active,4.5,322,,https://www.einsteinsplumbing.com/
Low,Aladdin Plumbing Corp.,+1 718-783-4621 ,Site seems okay.,Active,4.9,757,,https://www.aladdinplumbingcorp.com/
Low,John Hlad Plumbing & Heating,+1 718-768-0689 ,Site seems okay.,Active,4.5,32,intl-segmenter@11.7.10,https://hladplumbing.com/
Low,"Parkset Plumbing & Heating Co., Inc",+1 718-493-8700 ,Site seems okay.,Active,4.5,98,,http://www.parksetplumbing.com/
Low,RR Plumbing Roto-Rooter,+1 718-452-3181 ,Site seems okay.,Active,4.9,754,,https://www.rotorooter.com/bensonhurstny/?utm_source=Google&utm_medium=organic&utm_campaign=gmb&utm_content=website
Low,Brooklyn Heating and Plumbing,+1 646-989-3795 ,Site seems okay.,Active,5,23,brooklynplumbingheat@gmail.com,https://brooklynplumbingheating.com/
Low,Big Apple Installations; Plumbing & Heating,+1 718-934-4433 ,Site seems okay.,Active,4.6,69,info@bigappleinstallations.com,http://bigappleinstallations.com/
Low,Park Slope Heating Brooklyn,+1 718-728-1930 ,Site seems okay.,Active,4.3,13,parkslopeplumbing@gmail.com,http://emergencyrepairsparkslopebrooklyn.com/
Low,Pro Plumbing & Heating Inc.,+1 646-847-8866 ,Site seems okay.,Active,4.9,42,,http://www.brooklynqueensplumbing.com/
Low,Pro Plumbing & Heating Inc.,+1 646-847-8866 ,Site seems okay.,Active,4.5,20,,http://www.brooklynqueensplumbing.com/
Low,"A Real Good Plumber, Inc.",+1 212-505-1837 ,Site seems okay.,Active,4,18,info@arealgoodplumber.com,https://arealgoodplumber.com/
Low,Harris Water Main & Sewer Contractors,+1 718-495-3600 ,Site seems okay.,Active,4.9,315,info@harriswatermain.com,https://www.harriswatermainandsewers.com/
Low,Stanley Lewis Plumbing and Heating,+1 718-774-8757 ,Site seems okay.,Active,4.3,73,services@slph.nyc,https://www.stanleylewisplumbing.com/
Low,No.1 Sewer & Drain Cleaning Services,+1 917-443-1178 ,Site seems okay.,Active,5,401,intl-segmenter@11.7.10,https://www.nyc1sewer.com/
Low,G-Plumbing,+1 646-698-9036 ,Site seems okay.,Active,4.9,163,,http://gplumbingny.com/
Low,Dov Sewer & Drain,+1 718-288-7559 ,Site seems okay.,Active,4.9,75,info@dovsewer.com,https://dovsewer.com/
Low,Bushwick Plumbing,+1 646-760-9075 ,Site seems okay.,Active,4.3,28,service@bushwickplumbing.com,http://www.bushwickplumbing.com/
Low,NYC Sewer and Drain Pro Solutions,+1 718-500-5717 ,Site seems okay.,Active,4.9,40,605a7baede844d278b89dc95ae0a9123@sentry-next.wixpress.com,http://nycseweranddrain.com/
